title,release date,rating,genres,directors,writers,cast_names,related films
Avengers: Endgame,2019,8.4,Action; Adventure; Drama,Anthony Russo; Joe Russo,Christopher Markus; Stephen McFeely; Stan Lee,Robert Downey Jr.; Chris Evans; Mark Ruffalo; Chris Hemsworth; Scarlett Johansson; Jeremy Renner; Don Cheadle; Paul Rudd; Benedict Cumberbatch; Chadwick Boseman; Brie Larson; Tom Holland; Karen Gillan; Zoe Saldana; Evangeline Lilly; Tessa Thompson; Rene Russo; Elizabeth Olsen,Avengers: Infinity War; Avengers Assemble; Avengers: Age of Ultron; Captain America: Civil War; Thor: Ragnarok; Spider-Man: Far from Home; Joker; The Dark Knight; Captain America: The Winter Soldier; Black Panther; Doctor Strange; Spider-Man: Homecoming
Doctor Strange,2016,7.5,Action; Adventure; Fantasy,Scott Derrickson,Jon Spaihts; Scott Derrickson; C. Robert Cargill,Benedict Cumberbatch; Chiwetel Ejiofor; Rachel McAdams; Benedict Wong; Mads Mikkelsen; Tilda Swinton; Michael Stuhlbarg; Benjamin Bratt; Scott Adkins; Zara Phythian; Alaa Safi; Katrina Durden; Topo Wresniwiro; Umit Ulgen; Linda Louise Duan; Mark Anthony Brighton; Meera Syal; Amy Landecker,Captain America: Civil War; Black Panther; Ant-Man; Thor: Ragnarok; Guardians of the Galaxy: Vol. 2; Avengers: Age of Ultron; Ant-Man and the Wasp; Captain America: The Winter Soldier; Avengers Assemble; Guardians of the Galaxy; Iron Man; Iron Man 3
Avengers: Infinity War,2018,8.4,Action; Adventure; Sci-Fi,Anthony Russo; Joe Russo,Christopher Markus; Stephen McFeely; Stan Lee,Robert Downey Jr.; Chris Hemsworth; Mark Ruffalo; Chris Evans; Scarlett Johansson; Don Cheadle; Benedict Cumberbatch; Tom Holland; Chadwick Boseman; Zoe Saldana; Karen Gillan; Tom Hiddleston; Paul Bettany; Elizabeth Olsen; Anthony Mackie; Sebastian Stan; Idris Elba; Danai Gurira,Avengers: Endgame; Avengers Assemble; Avengers: Age of Ultron; Captain America: Civil War; Thor: Ragnarok; Captain America: The Winter Soldier; Black Panther; Doctor Strange; Guardians of the Galaxy; Ant-Man and the Wasp; Guardians of the Galaxy: Vol. 2; Captain America: The First Avenger
Avengers Assemble,2012,8.0,Action; Adventure; Sci-Fi,Joss Whedon,Joss Whedon; Zak Penn,Robert Downey Jr.; Chris Evans; Scarlett Johansson; Jeremy Renner; Mark Ruffalo; Chris Hemsworth; Tom Hiddleston; Clark Gregg; Cobie Smulders; Stellan Skarsgård; Samuel L. Jackson; Gwyneth Paltrow; Paul Bettany; Alexis Denisof; Tina Benko; Jerzy Skolimowski; Kirill Nikiforov; Jeff Wolfe,Avengers: Age of Ultron; Captain America: The Winter Soldier; Captain America: Civil War; Iron Man; Captain America: The First Avenger; Thor; Iron Man 3; Iron Man 2; Avengers: Infinity War; Thor: The Dark World; Guardians of the Galaxy; Ant-Man
Thor: Ragnarok,2017,7.9,Action; Adventure; Comedy,Taika Waititi,Eric Pearson; Craig Kyle; Christopher L. Yost,Chris Hemsworth; Tom Hiddleston; Cate Blanchett; Mark Ruffalo; Idris Elba; Jeff Goldblum; Tessa Thompson; Karl Urban; Anthony Hopkins; Benedict Cumberbatch; Taika Waititi; Rachel House; Clancy Brown; Tadanobu Asano; Ray Stevenson; Zachary Levi; Georgia Blizzard; Amali Golden,Captain America: Civil War; Doctor Strange; Black Panther; Avengers: Infinity War; Guardians of the Galaxy: Vol. 2; Avengers Assemble; Thor: The Dark World; Thor; Avengers: Age of Ultron; Captain America: The Winter Soldier; Ant-Man and the Wasp; Guardians of the Galaxy
Black Panther,2018,7.3,Action; Adventure; Sci-Fi,Ryan Coogler,Ryan Coogler; Joe Robert Cole; Stan Lee,Chadwick Boseman; Michael B. Jordan; Lupita Nyongo; Danai Gurira; Martin Freeman; Daniel Kaluuya; Letitia Wright; Winston Duke; Sterling K. Brown; Angela Bassett; Forest Whitaker; Andy Serkis; Florence Kasumba; John Kani; David S. Lee; Nabiyah Be; Isaach De Bankolé; Connie Chiume,Doctor Strange; Captain America: Civil War; Thor: Ragnarok; Ant-Man and the Wasp; Ant-Man; Guardians of the Galaxy: Vol. 2; Captain America: The Winter Soldier; Avengers: Age of Ultron; Avengers Assemble; Avengers: Infinity War; Guardians of the Galaxy; Captain America: The First Avenger
Captain America: Civil War,2016,7.8,Action; Adventure; Sci-Fi,Anthony Russo; Joe Russo,Christopher Markus; Stephen McFeely; Joe Simon,Chris Evans; Robert Downey Jr.; Scarlett Johansson; Sebastian Stan; Anthony Mackie; Don Cheadle; Jeremy Renner; Chadwick Boseman; Paul Bettany; Elizabeth Olsen; Paul Rudd; Emily VanCamp; Tom Holland; Daniel Brühl; Frank Grillo; William Hurt; Martin Freeman; Marisa Tomei,Captain America: The Winter Soldier; Avengers: Age of Ultron; Avengers Assemble; Ant-Man; Captain America: The First Avenger; Doctor Strange; Thor: Ragnarok; Guardians of the Galaxy: Vol. 2; Black Panther; Iron Man 3; Iron Man; Avengers: Infinity War
Spider-Man: Far from Home,2019,7.5,Action; Adventure; Sci-Fi,Jon Watts,Chris McKenna; Erik Sommers; Stan Lee,Tom Holland; Samuel L. Jackson; Jake Gyllenhaal; Marisa Tomei; Jon Favreau; Zendaya; Jacob Batalon; Tony Revolori; Angourie Rice; Remy Hii; Martin Starr; J.B. Smoove; Jorge Lendeborg Jr.; Cobie Smulders; Numan Acar; Zach Barack; Zoha Rahman; Yasmin Mwanza,Spider-Man: Homecoming; Spider-Man 2; Spider-Man; Avengers: Endgame; The Amazing Spider-Man; Avengers: Infinity War; Doctor Strange; Spider-Man 3; Captain America: Civil War; Ant-Man and the Wasp; Black Panther; Thor: Ragnarok
Captain America: The Winter Soldier,2014,7.7,Action; Adventure; Sci-Fi,Anthony Russo; Joe Russo,Christopher Markus; Stephen McFeely; Joe Simon,Chris Evans; Samuel L. Jackson; Scarlett Johansson; Robert Redford; Sebastian Stan; Anthony Mackie; Cobie Smulders; Frank Grillo; Maximiliano Hernández; Emily VanCamp; Hayley Atwell; Toby Jones; Stan Lee; Callan Mulvey; Jenny Agutter; Bernard White; Alan Dale; Chin Han,Captain America: Civil War; Captain America: The First Avenger; Avengers: Age of Ultron; Avengers Assemble; Iron Man 3; Thor: The Dark World; Iron Man 2; Ant-Man; Iron Man; Thor; Guardians of the Galaxy: Vol. 2; Guardians of the Galaxy
Joker,2019,8.4,Crime; Drama; Thriller,Todd Phillips,Todd Phillips; Scott Silver; Bob Kane,Joaquin Phoenix; Robert De Niro; Zazie Beetz; Frances Conroy; Brett Cullen; Shea Whigham; Bill Camp; Glenn Fleshler; Leigh Gill; Josh Pais; Rocco Luna; Marc Maron; Sondra James; Murphy Guyer; Douglas Hodge; Dante Pereira-Olson; Carrie Louise Putrello; Sharon Washington,The Dark Knight; Interstellar; Parasite; Inception; Avengers: Endgame; Avengers: Infinity War; Forrest Gump; The Wolf of Wall Street; The Dark Knight Rises; The Shawshank Redemption; Django Unchained; Fight Club
Avengers: Age of Ultron,2015,7.3,Action; Adventure; Sci-Fi,Joss Whedon,Joss Whedon; Stan Lee; Jack Kirby,Robert Downey Jr.; Chris Evans; Mark Ruffalo; Chris Hemsworth; Scarlett Johansson; Jeremy Renner; James Spader; Samuel L. Jackson; Don Cheadle; Aaron Taylor-Johnson; Elizabeth Olsen; Paul Bettany; Cobie Smulders; Anthony Mackie; Hayley Atwell; Idris Elba; Linda Cardellini; Stellan Skarsgård,Avengers Assemble; Captain America: Civil War; Captain America: The Winter Soldier; Ant-Man; Captain America: The First Avenger; Avengers: Infinity War; Iron Man 3; Guardians of the Galaxy: Vol. 2; Doctor Strange; Iron Man 2; Thor: The Dark World; Thor
The Dark Knight,2008,9.0,Action; Crime; Drama,Christopher Nolan,Jonathan Nolan; Christopher Nolan; David S. Goyer,Christian Bale; Heath Ledger; Aaron Eckhart; Michael Caine; Maggie Gyllenhaal; Gary Oldman; Morgan Freeman; Monique Gabriela Curnen; Ron Dean; Cillian Murphy; Chin Han; Nestor Carbonell; Eric Roberts; Ritchie Coster; Anthony Michael Hall; Keith Szarabajka; Colin McFarlane; Joshua Harto,The Dark Knight Rises; Inception; Batman Begins; The Shawshank Redemption; Interstellar; Fight Club; Forrest Gump; Joker; The Godfather; Pulp Fiction; The Lord of the Rings: The Return of the King; The Godfather: Part II
Spider-Man: Homecoming,2017,7.4,Action; Adventure; Sci-Fi,Jon Watts,Jonathan Goldstein; John Francis Daley; Jon Watts,Tom Holland; Michael Keaton; Robert Downey Jr.; Marisa Tomei; Jon Favreau; Gwyneth Paltrow; Zendaya; Donald Glover; Jacob Batalon; Laura Harrier; Tony Revolori; Bokeem Woodbine; Tyne Daly; Abraham Attah; Hannibal Buress; Kenneth Choi; Selenis Leyva; Angourie Rice,Spider-Man: Far from Home; Doctor Strange; Captain America: Civil War; The Amazing Spider-Man; Thor: Ragnarok; Black Panther; Spider-Man 3; Spider-Man 2; Guardians of the Galaxy: Vol. 2; Captain America: The Winter Soldier; Avengers: Age of Ultron; Ant-Man
Captain America: The First Avenger,2011,6.9,Action; Adventure; Sci-Fi,Joe Johnston,Christopher Markus; Stephen McFeely; Joe Simon,Chris Evans; Hugo Weaving; Samuel L. Jackson; Hayley Atwell; Sebastian Stan; Tommy Lee Jones; Dominic Cooper; Richard Armitage; Stanley Tucci; Toby Jones; Neal McDonough; Derek Luke; Kenneth Choi; JJ Feild; Bruno Ricci; Lex Shrapnel; Michael Brandon; Martin Sherman,Captain America: The Winter Soldier; Iron Man; Iron Man 2; Avengers Assemble; Captain America: Civil War; Thor; Iron Man 3; Avengers: Age of Ultron; Thor: The Dark World; Ant-Man; Captain Marvel; Guardians of the Galaxy: Vol. 2
The Wolf of Wall Street,2013,8.2,Biography; Crime; Drama,Martin Scorsese,Terence Winter; Jordan Belfort,Leonardo DiCaprio; Jonah Hill; Margot Robbie; Matthew McConaughey; Kyle Chandler; Rob Reiner; Jon Bernthal; Jon Favreau; Jean Dujardin; Joanna Lumley; Cristin Milioti; Christine Ebersole; Shea Whigham; Katarina Cas; P.J. Byrne; Kenneth Choi; Brian Sacca; Henry Zebrowski,Shutter Island; Django Unchained; Inception; Inglourious Basterds; Fight Club; Joker; Forrest Gump; Interstellar; Pulp Fiction; Catch Me If You Can; The Dark Knight; Seven
Thor: The Dark World,2013,6.8,Action; Adventure; Fantasy,Alan Taylor,Christopher L. Yost; Christopher Markus; Stephen McFeely,Chris Hemsworth; Natalie Portman; Tom Hiddleston; Stellan Skarsgård; Anthony Hopkins; Christopher Eccleston; Jaimie Alexander; Zachary Levi; Ray Stevenson; Tadanobu Asano; Idris Elba; Rene Russo; Adewale Akinnuoye-Agbaje; Kat Dennings; Alice Krige; Clive Russell; Jonathan Howard; Ramone Morgan,Thor; Iron Man 3; Captain America: The Winter Soldier; Iron Man 2; Avengers Assemble; Captain America: The First Avenger; Avengers: Age of Ultron; Ant-Man; Iron Man; Captain America: Civil War; Thor: Ragnarok; Guardians of the Galaxy: Vol. 2
Fight Club,1999,8.8,Drama,David Fincher,Chuck Palahniuk; Jim Uhls,Brad Pitt; Edward Norton; Meat Loaf; Zach Grenier; Richmond Arquette; David Andrews; George Maguire; Eugenie Bondurant; Helena Bonham Carter; Christina Cabot; Sydney Big Dawg Colston; Rachel Singer; Christie Cronenweth; Tim DeZarn; Ezra Buzzington; Dierdre Downing-Jackson; Bob Stephenson; Charlie Dell,Pulp Fiction; Forrest Gump; Inception; Seven; The Dark Knight; The Shawshank Redemption; Interstellar; The Godfather; The Silence of the Lambs; Schindlers List; Saving Private Ryan; Django Unchained
Interstellar,2014,8.6,Adventure; Drama; Sci-Fi,Christopher Nolan,Jonathan Nolan; Christopher Nolan,Matthew McConaughey; Anne Hathaway; Jessica Chastain; Mackenzie Foy; Ellen Burstyn; John Lithgow; Timothée Chalamet; David Oyelowo; Collette Wolfe; Francis X. McCarthy; Bill Irwin; Andrew Borba; Wes Bentley; William Devane; Michael Caine; David Gyasi; Josh Stewart; Casey Affleck,Inception; The Dark Knight; Forrest Gump; Fight Club; Joker; The Shawshank Redemption; The Prestige; Pulp Fiction; Seven; Parasite; Saving Private Ryan; The Dark Knight Rises
Inception,2010,8.8,Action; Adventure; Sci-Fi,Christopher Nolan,Christopher Nolan,Leonardo DiCaprio; Joseph Gordon-Levitt; Elliot Page; Ken Watanabe; Tom Hardy; Dileep Rao; Cillian Murphy; Tom Berenger; Marion Cotillard; Pete Postlethwaite; Michael Caine; Lukas Haas; Tai-Li Lee; Claire Geare; Magnus Nolan; Taylor Geare; Johnathan Geare; Tohoru Masamune,Interstellar; The Dark Knight; Fight Club; Forrest Gump; The Shawshank Redemption; Pulp Fiction; Seven; The Prestige; Joker; The Lord of the Rings: The Return of the King; The Dark Knight Rises; The Godfather
The Godfather: Part II,1974,9.0,Crime; Drama,Francis Ford Coppola,Francis Ford Coppola; Mario Puzo,Al Pacino; Robert De Niro; Robert Duvall; Diane Keaton; John Cazale; Talia Shire; Lee Strasberg; Michael V. Gazzo; G.D. Spradlin; Richard Bright; Gastone Moschin; Tom Rosqui; Bruno Kirby; Frank Sivero; Francesca De Sapio; Morgana King; Marianna Hill; Leopoldo Trieste,The Godfather; The Godfather Part III; Goodfellas; The Shawshank Redemption; Pulp Fiction; Schindlers List; The Dark Knight; Fight Club; The Lord of the Rings: The Return of the King; 12 Angry Men; Forrest Gump; The Silence of the Lambs
The Shawshank Redemption,1994,9.3,Drama,Frank Darabont,Stephen King; Frank Darabont,Tim Robbins; Morgan Freeman; Bob Gunton; William Sadler; Clancy Brown; Gil Bellows; Mark Rolston; James Whitmore; Jeffrey DeMunn; Larry Brandenburg; Neil Giuntoli; Brian Libby; David Proval; Joseph Ragno; Jude Ciccolella; Paul McCrane; Renee Blaine; Scott Mann,The Dark Knight; The Godfather; Forrest Gump; Inception; Fight Club; Pulp Fiction; Interstellar; The Godfather: Part II; The Green Mile; Seven; Schindlers List; The Lord of the Rings: The Return of the King
Spider-Man 3,2007,6.2,Action; Adventure; Sci-Fi,Sam Raimi,Sam Raimi; Ivan Raimi; Alvin Sargent,Tobey Maguire; Kirsten Dunst; Topher Grace; Thomas Haden Church; James Franco; Bryce Dallas Howard; Rosemary Harris; J.K. Simmons; James Cromwell; Theresa Russell; Dylan Baker; Bill Nunn; Bruce Campbell; Elizabeth Banks; Ted Raimi; Perla Haney-Jardine; Willem Dafoe; Cliff Robertson,Spider-Man 2; Spider-Man; The Amazing Spider-Man; The Amazing Spider-Man 2; Spider-Man: Homecoming; Spider-Man: Far from Home; Iron Man 3; Iron Man; Doctor Strange; Iron Man 2; Captain America: The First Avenger; Captain America: Civil War
The Lord of the Rings: The Return of the King,2003,8.9,Action; Adventure; Drama,Peter Jackson,J.R.R. Tolkien; Fran Walsh; Philippa Boyens,Elijah Wood; Viggo Mortensen; Ian McKellen; Orlando Bloom; Noel Appleby; Ali Astin; Sean Astin; David Aston; John Bach; Sean Bean; Cate Blanchett; Billy Boyd; Sadwyn Brophy; Alistair Browning; Marton Csokas; Richard Edge; Jason Fitch; Bernard Hill,The Lord of the Rings: The Two Towers; The Lord of the Rings: The Fellowship of the Ring; The Dark Knight; Star Wars: Episode V - The Empire Strikes Back; Inception; Pulp Fiction; Forrest Gump; Star Wars: Episode IV - A New Hope; The Shawshank Redemption; Fight Club; The Godfather; Gladiator
The Godfather,1972,9.2,Crime; Drama,Francis Ford Coppola,Mario Puzo; Francis Ford Coppola,Marlon Brando; Al Pacino; James Caan; Diane Keaton; Richard S. Castellano; Robert Duvall; Sterling Hayden; John Marley; Richard Conte; Al Lettieri; Abe Vigoda; Talia Shire; Gianni Russo; John Cazale; Rudy Bond; Al Martino; Morgana King; Lenny Montana,The Godfather: Part II; The Shawshank Redemption; Pulp Fiction; The Dark Knight; Fight Club; Forrest Gump; The Godfather Part III; Goodfellas; Inception; Schindlers List; The Lord of the Rings: The Return of the King; Seven
Spider-Man 2,2004,7.3,Action; Adventure; Sci-Fi,Sam Raimi,Stan Lee; Steve Ditko; Alfred Gough,Tobey Maguire; Kirsten Dunst; Alfred Molina; James Franco; Rosemary Harris; J.K. Simmons; Donna Murphy; Daniel Gillies; Dylan Baker; Bill Nunn; Vanessa Ferlito; Aasif Mandvi; Willem Dafoe; Cliff Robertson; Ted Raimi; Elizabeth Banks; Bruce Campbell; Gregg Edelman,Spider-Man; Spider-Man 3; The Amazing Spider-Man; The Amazing Spider-Man 2; Spider-Man: Far from Home; Spider-Man: Homecoming; Suicide Squad; Spider-Man: No Way Home; Avengers: Endgame; Doctor Strange; Iron Man; Captain America: Civil War
Batman Begins,2005,8.2,Action; Adventure,Christopher Nolan,Bob Kane; David S. Goyer; Christopher Nolan,Christian Bale; Michael Caine; Ken Watanabe; Liam Neeson; Katie Holmes; Gary Oldman; Cillian Murphy; Tom Wilkinson; Rutger Hauer; Mark Boone Junior; Linus Roache; Morgan Freeman; Larry Holden; Gerard Murphy; Colin McFarlane; Sara Stewart; Gus Lewis; Richard Brake,The Dark Knight Rises; The Dark Knight; Inception; Joker; The Prestige; Avengers: Infinity War; Interstellar; Inglourious Basterds; The Lord of the Rings: The Two Towers; The Wolf of Wall Street; Django Unchained; Logan
Django Unchained,2012,8.4,Drama; Western,Quentin Tarantino,Quentin Tarantino,Jamie Foxx; Christoph Waltz; Leonardo DiCaprio; Kerry Washington; Samuel L. Jackson; Walton Goggins; Dennis Christopher; James Remar; David Steen; Dana Gourrier; Nichole Galicia; Laura Cayouette; Ato Essandoh; Sammi Rotibi; Clay Donahue Fontenot; Escalante Lundy; Miriam F. Glover; Don Johnson,Inglourious Basterds; Pulp Fiction; The Wolf of Wall Street; Inception; Shutter Island; Fight Club; The Hateful Eight; Seven; Forrest Gump; Reservoir Dogs; The Departed; Interstellar
Forrest Gump,1994,8.8,Drama; Romance,Robert Zemeckis,Winston Groom; Eric Roth,Tom Hanks; Robin Wright; Gary Sinise; Sally Field; Rebecca Williams; Michael Conner Humphreys; Harold G. Herthum; George Kelly; Bob Penny; John Randall; Sam Anderson; Margo Moorer; Ione M. Telech; Christine Seabrook; John Worsham; Peter Dobson; Siobhan Fallon Hogan; Alexander Zemeckis,Fight Club; Inception; Pulp Fiction; The Shawshank Redemption; The Dark Knight; Interstellar; Saving Private Ryan; The Green Mile; Seven; The Godfather; Schindlers List; The Silence of the Lambs
The Amazing Spider-Man,2012,6.9,Action; Adventure; Fantasy,Marc Webb,James Vanderbilt; Alvin Sargent; Steve Kloves,Andrew Garfield; Emma Stone; Rhys Ifans; Irrfan Khan; Denis Leary; Martin Sheen; Sally Field; Campbell Scott; Embeth Davidtz; Chris Zylka; Max Charles; C. Thomas Howell; Jake Keiffer; Kari Coleman; Michael Barra; Leif Gantvoort; Andy Pessoa; Hannah Marks,The Amazing Spider-Man 2; Spider-Man 3; Spider-Man 2; Spider-Man; Spider-Man: Homecoming; Spider-Man: Far from Home; Iron Man 3; Ant-Man; Doctor Strange; Captain America: Civil War; Captain America: The Winter Soldier; Ant-Man and the Wasp
Thor,2011,7.0,Action; Adventure; Fantasy,Kenneth Branagh,Ashley Miller; Zack Stentz; Don Payne,Chris Hemsworth; Anthony Hopkins; Natalie Portman; Tom Hiddleston; Stellan Skarsgård; Kat Dennings; Clark Gregg; Colm Feore; Idris Elba; Ray Stevenson; Tadanobu Asano; Josh Dallas; Jaimie Alexander; Rene Russo; Adriana Barraza; Maximiliano Hernández; Richard Cetrone; Darren Kendrick,Thor: The Dark World; Iron Man 2; Captain America: The First Avenger; Avengers Assemble; Iron Man 3; Iron Man; Captain America: The Winter Soldier; Avengers: Age of Ultron; Ant-Man; Thor: Ragnarok; Captain America: Civil War; Guardians of the Galaxy: Vol. 2
Iron Man 3,2013,7.1,Action; Adventure; Sci-Fi,Shane Black,Drew Pearce; Shane Black; Stan Lee,Robert Downey Jr.; Guy Pearce; Gwyneth Paltrow; Don Cheadle; Rebecca Hall; Jon Favreau; Ben Kingsley; James Badge Dale; Stephanie Szostak; Paul Bettany; William Sadler; Dale Dickey; Ty Simpkins; Miguel Ferrer; Xueqi Wang; Shaun Toub; Matthew Sterling Nye; Pat Kiernan,Iron Man 2; Iron Man; Captain America: The Winter Soldier; Thor: The Dark World; Thor; Avengers Assemble; Captain America: The First Avenger; Avengers: Age of Ultron; Captain America: Civil War; Ant-Man; Guardians of the Galaxy: Vol. 2; Doctor Strange
Parasite,2019,8.6,Comedy; Drama; Thriller,Bong Joon Ho,Bong Joon Ho; Jin-won Han,Kang-ho Song; Sun-kyun Lee; Yeo-jeong Cho; Woo-sik Choi; So-dam Park; Lee Jeong-eun; Jang Hye-jin; Park Myeong-hoon; Ji-so Jung; Hyun-jun Jung; Keun-rok Park; Yi-Seo Jung; Jae-myeong Jo; Ik-han Jung; Kyu-baek Kim; Hwang In Kyung; Ahn Seong-Bong; Kim Jin Hyung,Joker; Interstellar; Inception; Fight Club; Forrest Gump; Pulp Fiction; The Dark Knight; The Shawshank Redemption; Seven; The Godfather; Whiplash; Django Unchained
Guardians of the Galaxy: Vol. 2,2017,7.6,Action; Adventure; Comedy,James Gunn,James Gunn; Dan Abnett; Andy Lanning,Chris Pratt; Zoe Saldana; Dave Bautista; Vin Diesel; Bradley Cooper; Michael Rooker; Karen Gillan; Pom Klementieff; Sylvester Stallone; Kurt Russell; Elizabeth Debicki; Chris Sullivan; Sean Gunn; Tommy Flanagan; Laura Haddock; Aaron Schwartz; Hannah Harlow; Hilty Bowen,Guardians of the Galaxy; Ant-Man; Avengers: Age of Ultron; Doctor Strange; Captain America: The Winter Soldier; Captain America: Civil War; Black Panther; Thor: Ragnarok; Ant-Man and the Wasp; Avengers Assemble; Iron Man 3; Thor: The Dark World
The Dark Knight Rises,2012,8.4,Action; Adventure,Christopher Nolan,Jonathan Nolan; Christopher Nolan; David S. Goyer,Christian Bale; Tom Hardy; Anne Hathaway; Gary Oldman; Joseph Gordon-Levitt; Marion Cotillard; Morgan Freeman; Michael Caine; Matthew Modine; Alon Aboutboul; Ben Mendelsohn; Burn Gorman; Daniel Sunjata; Aidan Gillen; Sam Kennard; Aliash Tepina; Nestor Carbonell; Brett Cullen,Batman Begins; The Dark Knight; Inception; Joker; Avengers: Infinity War; Interstellar; The Prestige; Django Unchained; Inglourious Basterds; The Lord of the Rings: The Return of the King; The Lord of the Rings: The Two Towers; Fight Club
Pulp Fiction,1994,8.9,Crime; Drama,Quentin Tarantino,Quentin Tarantino; Roger Avary,John Travolta; Uma Thurman; Samuel L. Jackson; Bruce Willis; Tim Roth; Amanda Plummer; Laura Lovelace; Phil LaMarr; Frank Whaley; Burr Steers; Ving Rhames; Paul Calderon; Bronagh Gallagher; Rosanna Arquette; Eric Stoltz; Jerome Patrick Hoban; Michael Gilden; Gary Shorelle,Fight Club; Forrest Gump; Inception; Seven; The Godfather; Django Unchained; The Shawshank Redemption; The Dark Knight; Inglourious Basterds; Schindlers List; The Silence of the Lambs; Goodfellas
Ant-Man and the Wasp,2018,7.0,Action; Adventure; Comedy,Peyton Reed,Chris McKenna; Erik Sommers; Paul Rudd,Paul Rudd; Evangeline Lilly; Michael Peña; Walton Goggins; Bobby Cannavale; Judy Greer; T.I.; David Dastmalchian; Hannah John-Kamen; Abby Ryder Fortson; Randall Park; Michelle Pfeiffer; Laurence Fishburne; Michael Douglas; Divian Ladwa; Goran Kostic; Rob Archer; Sean Kleier,Ant-Man; Black Panther; Doctor Strange; Guardians of the Galaxy: Vol. 2; Captain America: Civil War; Captain America: The Winter Soldier; Thor: Ragnarok; Avengers: Age of Ultron; Thor; Iron Man 3; Captain Marvel; Thor: The Dark World
Iron Man 2,2010,7.0,Action; Adventure; Sci-Fi,Jon Favreau,Justin Theroux; Stan Lee; Don Heck,Robert Downey Jr.; Mickey Rourke; Gwyneth Paltrow; Don Cheadle; Scarlett Johansson; Sam Rockwell; Samuel L. Jackson; Clark Gregg; John Slattery; Garry Shandling; Paul Bettany; Kate Mara; Leslie Bibb; Jon Favreau; Christiane Amanpour; Philippe Bergeron; James Bethea; Michael Bruno,Iron Man; Iron Man 3; Thor; Captain America: The First Avenger; Avengers Assemble; Captain America: The Winter Soldier; Thor: The Dark World; Avengers: Age of Ultron; Captain America: Civil War; Ant-Man; Guardians of the Galaxy: Vol. 2; Doctor Strange
Iron Man,2008,7.9,Action; Adventure; Sci-Fi,Jon Favreau,Mark Fergus; Hawk Ostby; Art Marcum,Robert Downey Jr.; Gwyneth Paltrow; Terrence Howard; Jeff Bridges; Leslie Bibb; Shaun Toub; Faran Tahir; Clark Gregg; Bill Smitrovich; Sayed Badreya; Paul Bettany; Jon Favreau; Peter Billingsley; Tim Guinee; Will Lyman; Tom Morello; Marco Khan; Khalili Dastan,Iron Man 2; Iron Man 3; Captain America: The First Avenger; Avengers Assemble; Thor; Captain America: The Winter Soldier; Captain America: Civil War; Avengers: Age of Ultron; Thor: The Dark World; Ant-Man; Guardians of the Galaxy: Vol. 2; Doctor Strange
Spider-Man,2002,7.3,Action; Adventure; Sci-Fi,Sam Raimi,Stan Lee; Steve Ditko; David Koepp,Tobey Maguire; Kirsten Dunst; Willem Dafoe; James Franco; Cliff Robertson; Rosemary Harris; J.K. Simmons; Joe Manganiello; Gerry Becker; Bill Nunn; Jack Betts; Stanley Anderson; Ron Perkins; Michael Papajohn; K.K. Dodds; Ted Raimi; Bruce Campbell; Elizabeth Banks,Spider-Man 2; Spider-Man 3; The Amazing Spider-Man; The Amazing Spider-Man 2; Spider-Man: Far from Home; Spider-Man: Homecoming; Once Upon a Time... In Hollywood; Suicide Squad; Spider-Man: No Way Home; Avengers: Endgame; Doctor Strange; Iron Man
Guardians of the Galaxy,2014,8.0,Action; Adventure; Comedy,James Gunn,James Gunn; Nicole Perlman; Dan Abnett,Chris Pratt; Vin Diesel; Bradley Cooper; Zoe Saldana; Dave Bautista; Lee Pace; Michael Rooker; Karen Gillan; Djimon Hounsou; John C. Reilly; Glenn Close; Benicio Del Toro; Laura Haddock; Sean Gunn; Peter Serafinowicz; Christopher Fairbank; Krystian Godlewski; Wyatt Oleff,Guardians of the Galaxy: Vol. 2; Captain America: The Winter Soldier; Avengers Assemble; Avengers: Age of Ultron; Captain America: Civil War; Thor: Ragnarok; Ant-Man; Doctor Strange; Black Panther; Iron Man; Iron Man 3; Captain America: The First Avenger
Ant-Man,2015,7.3,Action; Adventure; Comedy,Peyton Reed,Edgar Wright; Joe Cornish; Adam McKay,Paul Rudd; Michael Douglas; Corey Stoll; Evangeline Lilly; Bobby Cannavale; Anthony Mackie; Judy Greer; Abby Ryder Fortson; Michael Peña; David Dastmalchian; T.I.; Wood Harris; Hayley Atwell; John Slattery; Martin Donovan; Garrett Morris; Gregg Turkington; Rod Hallett,Ant-Man and the Wasp; Captain America: Civil War; Avengers: Age of Ultron; Captain America: The Winter Soldier; Guardians of the Galaxy: Vol. 2; Doctor Strange; Iron Man 3; Black Panther; Thor; Avengers Assemble; Thor: The Dark World; Captain America: The First Avenger
Inglourious Basterds,2009,8.3,Adventure; Drama; War,Quentin Tarantino,Quentin Tarantino,Brad Pitt; Diane Kruger; Eli Roth; Mélanie Laurent; Christoph Waltz; Michael Fassbender; Daniel Brühl; Til Schweiger; Gedeon Burkhard; Jacky Ido; B.J. Novak; Omar Doom; August Diehl; Denis Ménochet; Sylvester Groth; Martin Wuttke; Mike Myers; Julie Dreyfus,Django Unchained; Pulp Fiction; Reservoir Dogs; Fight Club; The Wolf of Wall Street; Shutter Island; The Inglorious Bastards; Kill Bill: Vol. 1; Forrest Gump; Seven; Inception; The Hateful Eight
Catch Me If You Can,2002,8.1,Biography; Crime; Drama,Steven Spielberg,Jeff Nathanson; Frank Abagnale Jr.; Stan Redding,Leonardo DiCaprio; Tom Hanks; Christopher Walken; Martin Sheen; Nathalie Baye; Amy Adams; James Brolin; Brian Howe; Frank John Hughes; Steve Eastin; Chris Ellis; John Finn; Jennifer Garner; Nancy Lenehan; Ellen Pompeo; Elizabeth Banks; Guy Thauvette; Candice Azzara,Shutter Island; The Wolf of Wall Street; Inglourious Basterds; A Beautiful Mind; The Departed; Django Unchained; Forrest Gump; The Truman Show; Good Will Hunting; Inception; Seven; Fight Club
Whiplash,2014,8.5,Drama; Music,Damien Chazelle,Damien Chazelle,Miles Teller; J.K. Simmons; Melissa Benoist; Paul Reiser; Austin Stowell; Nate Lang; Chris Mulkey; Damon Gupton; Suanne Spoke; Max Kasch; Charlie Ian; Jayson Blair; Kofi Siriboe; Kavita Patil; C.J. Vana; Tarik Lowe; Tyler Kimball; Rogelio Douglas Jr.,The Prestige; Untouchable; American History X; Fight Club; The Departed; Seven; Leon; The Pianist; Parasite; Gladiator; Pulp Fiction; Inception
Gladiator,2000,8.5,Action; Adventure; Drama,Ridley Scott,David Franzoni; John Logan; William Nicholson,Russell Crowe; Joaquin Phoenix; Connie Nielsen; Oliver Reed; Richard Harris; Derek Jacobi; Djimon Hounsou; David Schofield; John Shrapnel; Tomas Arana; Ralf Moeller; Spencer Treat Clark; David Hemmings; Tommy Flanagan; Sven-Ole Thorsen; Omid Djalili; Nicholas McGaughey; Chris Kell,Saving Private Ryan; The Green Mile; Braveheart; Forrest Gump; The Lord of the Rings: The Return of the King; The Silence of the Lambs; The Prestige; The Departed; Seven; Fight Club; The Lord of the Rings: The Two Towers; Schindlers List
The Lord of the Rings: The Fellowship of the Ring,2001,8.8,Action; Adventure; Drama,Peter Jackson,J.R.R. Tolkien; Fran Walsh; Philippa Boyens,Elijah Wood; Ian McKellen; Orlando Bloom; Sean Bean; Alan Howard; Noel Appleby; Sean Astin; Sala Baker; Cate Blanchett; Billy Boyd; Marton Csokas; Megan Edwards; Michael Elsworth; Mark Ferguson; Ian Holm; Christopher Lee; Lawrence Makoare; Andy Serkis,The Lord of the Rings: The Two Towers; The Lord of the Rings: The Return of the King; Star Wars: Episode V - The Empire Strikes Back; The Dark Knight; Inception; Forrest Gump; Star Wars: Episode IV - A New Hope; Pulp Fiction; Fight Club; Gladiator; The Shawshank Redemption; Saving Private Ryan
Star Wars: Episode IV - A New Hope,1977,8.6,Action; Adventure; Fantasy,George Lucas,George Lucas,Mark Hamill; Harrison Ford; Carrie Fisher; Alec Guinness; Peter Cushing; Anthony Daniels; Kenny Baker; Peter Mayhew; David Prowse; Phil Brown; Shelagh Fraser; Jack Purvis; Alex McCrindle; Eddie Byrne; Drewe Henley; Denis Lawson; Garrick Hagon; Jack Klaff,Star Wars: Episode V - The Empire Strikes Back; Star Wars: Return of the Jedi; Star Wars: Episode III - Revenge of the Sith; Star Wars: Episode I - The Phantom Menace; Star Wars: Episode II - Attack of the Clones; Star Wars: Episode VII - The Force Awakens; The Lord of the Rings: The Two Towers; Back to the Future; The Lord of the Rings: The Return of the King; The Lord of the Rings: The Fellowship of the Ring; Star Wars: Episode VIII - The Last Jedi; Terminator 2: Judgment Day
Once Upon a Time... In Hollywood,2019,7.6,Comedy; Drama,Quentin Tarantino,Quentin Tarantino,Leonardo DiCaprio; Brad Pitt; Margot Robbie; Emile Hirsch; Margaret Qualley; Timothy Olyphant; Julia Butters; Austin Butler; Dakota Fanning; Bruce Dern; Mike Moh; Luke Perry; Damian Lewis; Al Pacino; Nicholas Hammond; Samantha Robinson; Rafal Zawierucha; Lorenza Izzo,Pulp Fiction; The Hateful Eight; Django Unchained; Joker; Spider-Man; Inglourious Basterds; The Wolf of Wall Street; Inception; The Dark Knight; Forrest Gump; Fight Club; Interstellar
Star Wars: Episode V - The Empire Strikes Back,1980,8.7,Action; Adventure; Fantasy,Irvin Kershner,Leigh Brackett; Lawrence Kasdan; George Lucas,Mark Hamill; Harrison Ford; Carrie Fisher; Billy Dee Williams; Anthony Daniels; David Prowse; Peter Mayhew; Kenny Baker; Frank Oz; Alec Guinness; Jeremy Bulloch; John Hollis; Jack Purvis; Des Webb; Clive Revill; Kenneth Colley; Julian Glover; Michael Sheard,Star Wars: Episode IV - A New Hope; Star Wars: Return of the Jedi; Star Wars: Episode III - Revenge of the Sith; Star Wars: Episode II - Attack of the Clones; Star Wars: Episode I - The Phantom Menace; The Lord of the Rings: The Two Towers; The Lord of the Rings: The Return of the King; The Lord of the Rings: The Fellowship of the Ring; Star Wars: Episode VII - The Force Awakens; Back to the Future; Terminator 2: Judgment Day; Star Wars: Episode VIII - The Last Jedi
The Prestige,2006,8.5,Drama; Mystery; Sci-Fi,Christopher Nolan,Jonathan Nolan; Christopher Nolan; Christopher Priest,Christian Bale; Hugh Jackman; Scarlett Johansson; Michael Caine; Piper Perabo; Rebecca Hall; Samantha Mahurin; David Bowie; Andy Serkis; Daniel Davis; Jim Piddock; Christopher Neame; Mark Ryan; Roger Rees; Jamie Harris; Monty Stuart; Ron Perkins; Ricky Jay,Inception; Memento; The Departed; Seven; Interstellar; Gladiator; Fight Club; The Green Mile; The Dark Knight; Leon; Whiplash; Shutter Island
The Godfather Part III,1990,7.6,Crime; Drama,Francis Ford Coppola,Mario Puzo; Francis Ford Coppola,Al Pacino; Diane Keaton; Andy Garcia; Talia Shire; Eli Wallach; Joe Mantegna; George Hamilton; Bridget Fonda; Sofia Coppola; Raf Vallone; Franc DAmbrosio; Donal Donnelly; Richard Bright; Helmut Berger; Don Novello; John Savage; Franco Citti; Mario Donatone,The Godfather: Part II; The Godfather; Scarface; The Godfather Trilogy: 1901-1980; Goodfellas; The Irishman; The Godfather Saga; Scent of a Woman; Casino; Pulp Fiction; Inglourious Basterds; Taxi Driver
Shutter Island,2010,8.2,Mystery; Thriller,Martin Scorsese,Laeta Kalogridis; Dennis Lehane,Leonardo DiCaprio; Emily Mortimer; Mark Ruffalo; Ben Kingsley; Max von Sydow; Michelle Williams; Patricia Clarkson; Jackie Earle Haley; Ted Levine; John Carroll Lynch; Elias Koteas; Robin Bartlett; Christopher Denham; Nellie Sciutto; Joseph Sikora; Curtiss Cook; Raymond Anthony Thomas; Joseph McKenna,The Wolf of Wall Street; Django Unchained; Inception; Inglourious Basterds; Seven; Catch Me If You Can; Fight Club; The Prestige; The Departed; Interstellar; Memento; Joker
The Silence of the Lambs,1991,8.6,Crime; Drama; Thriller,Jonathan Demme,Thomas Harris; Ted Tally,Jodie Foster; Anthony Hopkins; Lawrence A. Bonney; Kasi Lemmons; Lawrence T. Wrentz; Scott Glenn; Anthony Heald; Frankie Faison; Don Brockett; Frank Seals Jr.; Stuart Rudin; Maria Skorobogatov; Jeffrie Lane; Leib Lensky; George Red Schwartz; Jim Roche; Brooke Smith; Ted Levine,Seven; The Green Mile; Pulp Fiction; Fight Club; Forrest Gump; Saving Private Ryan; Schindlers List; Goodfellas; One Flew Over the Cuckoos Nest; Gladiator; Inception; The Shawshank Redemption
The Hateful Eight,2015,7.8,Crime; Drama; Mystery,Quentin Tarantino,Quentin Tarantino,Samuel L. Jackson; Kurt Russell; Jennifer Jason Leigh; Walton Goggins; Demián Bichir; Tim Roth; Michael Madsen; Bruce Dern; James Parks; Dana Gourrier; Zoë Bell; Lee Horsley; Gene Jones; Keith Jefferson; Craig Stark; Belinda Owino; Channing Tatum; Quentin Tarantino,Django Unchained; Kill Bill: Vol. 2; Inglourious Basterds; Reservoir Dogs; Kill Bill: Vol. 1; Pulp Fiction; The Revenant; Death Proof; Once Upon a Time... In Hollywood; Jackie Brown; Kill Bill: The Whole Bloody Affair; Shutter Island
Captain Marvel,2019,6.8,Action; Adventure; Sci-Fi,Anna Boden; Ryan Fleck,Anna Boden; Ryan Fleck; Geneva Robertson-Dworet,Brie Larson; Samuel L. Jackson; Ben Mendelsohn; Jude Law; Annette Bening; Djimon Hounsou; Lee Pace; Lashana Lynch; Gemma Chan; Clark Gregg; Rune Temte; Algenis Perez Soto; Mckenna Grace; Akira Akbar; Matthew Maher; Chuku Modu; Vik Sahay; Colin Ford,Captain America: The First Avenger; Ant-Man and the Wasp; Iron Man 2; Iron Man; Thor; Captain America: The Winter Soldier; Black Panther; Captain America: Civil War; Iron Man 3; Avengers Assemble; Thor: The Dark World; Ant-Man
Logan,2017,8.1,Action; Drama; Sci-Fi,James Mangold,James Mangold; Scott Frank; Michael Green,Hugh Jackman; Patrick Stewart; Dafne Keen; Boyd Holbrook; Stephen Merchant; Elizabeth Rodriguez; Richard E. Grant; Eriq La Salle; Elise Neal; Quincy Fouse; Al Coronel; Frank Gallegos; Anthony Escobar; Reynaldo Gallegos; Krzysztof Soszynski; Stephen Dunlevy; Daniel Bernhardt; Ryan Sturz,X-Men: Days of Future Past; Mad Max: Fury Road; Batman Begins; Avengers: Infinity War; The Dark Knight Rises; The Wolverine; Deadpool; X-Men: Apocalypse; X-Men; X-Men Origins: Wolverine; X-Men: First Class; Avengers: Endgame
Seven,1995,8.6,Crime; Drama; Mystery,David Fincher,Andrew Kevin Walker,Morgan Freeman; Brad Pitt; Kevin Spacey; Andrew Kevin Walker; Daniel Zacapa; Gwyneth Paltrow; John Cassini; Bob Mack; Peter Crombie; Reg E. Cathey; R. Lee Ermey; George Christy; Endre Hules; Hawthorne James; William Davidson; Bob Collins; Jimmy Dale Hartsell; Richard Roundtree,Fight Club; The Silence of the Lambs; Pulp Fiction; Inception; Forrest Gump; The Green Mile; The Shawshank Redemption; Saving Private Ryan; The Prestige; The Departed; Interstellar; Goodfellas
Schindler's List,1993,8.9,Biography; Drama; History,Steven Spielberg,Thomas Keneally; Steven Zaillian,Liam Neeson; Ralph Fiennes; Ben Kingsley; Caroline Goodall; Jonathan Sagall; Embeth Davidtz; Malgorzata Gebel; Shmuel Levy; Mark Ivanir; Béatrice Macola; Andrzej Seweryn; Friedrich von Thun; Krzysztof Luft; Harry Nehring; Norbert Weisser; Adi Nitzan; Michael Schneider; Miri Fabian,Saving Private Ryan; Pulp Fiction; Forrest Gump; The Godfather: Part II; The Godfather; The Shawshank Redemption; The Silence of the Lambs; Fight Club; The Green Mile; 12 Angry Men; The Pianist; The Lord of the Rings: The Return of the King
Suicide Squad,2016,5.9,Action; Adventure; Fantasy,David Ayer,David Ayer; John Ostrander,Will Smith; Jared Leto; Margot Robbie; Viola Davis; Jaime FitzSimons; Ike Barinholtz; Christopher Dyson; Bambadjan Bamba; Ted Whittall; David Harbour; Robin Atkin Downes; Robert B. Kennedy; Billy Otis; Shailyn Pierre-Dixon; James McGowan; Jim Parrack; Derek Perks; Common,The Suicide Squad; Spider-Man: Far from Home; Spider-Man 2; Spider-Man; Birds of Prey; Once Upon a Time... In Hollywood; Spider-Man: Homecoming; The Tomorrow War; Wonder Woman 1984; Black Widow; Avengers: Endgame; The Amazing Spider-Man
Goodfellas,1990,8.7,Biography; Crime; Drama,Martin Scorsese,Nicholas Pileggi; Martin Scorsese,Robert De Niro; Ray Liotta; Joe Pesci; Lorraine Bracco; Paul Sorvino; Frank Sivero; Tony Darrow; Mike Starr; Frank Vincent; Chuck Low; Frank DiLeo; Henny Youngman; Gina Mastrogiacomo; Catherine Scorsese; Charles Scorsese; Suzanne Shepherd; Debi Mazar; Margo Winkler,The Godfather: Part II; Pulp Fiction; The Godfather; The Departed; Seven; The Silence of the Lambs; Fight Club; Schindlers List; Saving Private Ryan; Forrest Gump; The Usual Suspects; One Flew Over the Cuckoos Nest
Saving Private Ryan,1998,8.6,Drama; War,Steven Spielberg,Robert Rodat,Tom Hanks; Matt Damon; Tom Sizemore; Edward Burns; Barry Pepper; Adam Goldberg; Vin Diesel; Giovanni Ribisi; Jeremy Davies; Ted Danson; Paul Giamatti; Dennis Farina; Joerg Stadler; Max Martini; Dylan Bruno; Daniel Cerqueira; Demetri Goritsas; Ian Porter,The Green Mile; Forrest Gump; Schindlers List; Gladiator; The Silence of the Lambs; Seven; Fight Club; Pulp Fiction; The Departed; Goodfellas; The Shawshank Redemption; Inception
Reservoir Dogs,1992,8.3,Crime; Drama; Thriller,Quentin Tarantino,Quentin Tarantino; Roger Avary,Harvey Keitel; Tim Roth; Michael Madsen; Chris Penn; Steve Buscemi; Lawrence Tierney; Randy Brooks; Kirk Baltz; Edward Bunker; Quentin Tarantino; Rich Turner; David Steen; Tony Cosmo; Stevo Polyi; Michael Sottile; Robert Ruth; Lawrence Bender; Linda Kaye,Inglourious Basterds; Pulp Fiction; Kill Bill: Vol. 1; Django Unchained; The Hateful Eight; Taxi Driver; Kill Bill: Vol. 2; Scarface; Reservoir Dogs: Sundance Institute 1991 June Film Lab; Goodfellas; The Usual Suspects; Full Metal Jacket
The Departed,2006,8.5,Crime; Drama; Thriller,Martin Scorsese,William Monahan; Alan Mak; Felix Chong,Leonardo DiCaprio; Matt Damon; Jack Nicholson; Mark Wahlberg; Martin Sheen; Ray Winstone; Vera Farmiga; Anthony Anderson; Alec Baldwin; Kevin Corrigan; James Badge Dale; David OHara; Mark Rolston; Robert Wahlberg; Kristen Dalton; Thomas B. Duffy; Richard Hughes; J.C. MacKenzie,The Prestige; Seven; Goodfellas; Saving Private Ryan; American History X; Inception; Gladiator; The Usual Suspects; Fight Club; The Silence of the Lambs; Django Unchained; Shutter Island
12 Angry Men,1957,9.0,Crime; Drama,Sidney Lumet,Reginald Rose,Henry Fonda; Lee J. Cobb; Martin Balsam; John Fiedler; E.G. Marshall; Jack Klugman; Edward Binns; Jack Warden; Joseph Sweeney; Ed Begley; George Voskovec; Robert Webber; Rudy Bond; Tom Gorman; James Kelly; Harold Miller; Billy Nelson; John Savoca,Schindlers List; The Godfather: Part II; The Good; the Bad and the Ugly; The Godfather; The Shawshank Redemption; One Flew Over the Cuckoos Nest; Pulp Fiction; Fight Club; The Dark Knight; The Lord of the Rings: The Return of the King; The Silence of the Lambs; Forrest Gump
The Lord of the Rings: The Two Towers,2002,8.7,Action; Adventure; Drama,Peter Jackson,J.R.R. Tolkien; Fran Walsh; Philippa Boyens,Elijah Wood; Ian McKellen; Viggo Mortensen; Orlando Bloom; Bruce Allpress; Sean Astin; John Bach; Sala Baker; Cate Blanchett; Billy Boyd; Jed Brophy; Sam Comery; Brad Dourif; Calum Gittins; Bernard Hill; Bruce Hopkins; Paris Howe Strewe; Christopher Lee,The Lord of the Rings: The Return of the King; The Lord of the Rings: The Fellowship of the Ring; Star Wars: Episode V - The Empire Strikes Back; Star Wars: Episode IV - A New Hope; Inception; The Dark Knight; Forrest Gump; Gladiator; Saving Private Ryan; Fight Club; Pulp Fiction; The Shawshank Redemption
The Amazing Spider-Man 2,2014,6.6,Action; Adventure; Fantasy,Marc Webb,Alex Kurtzman; Roberto Orci; Jeff Pinkner,Andrew Garfield; Emma Stone; Jamie Foxx; Paul Giamatti; Dane DeHaan; Colm Feore; Felicity Jones; Sally Field; Embeth Davidtz; Campbell Scott; Marton Csokas; Louis Cancelmi; Max Charles; B.J. Novak; Sarah Gadon; Michael Massee; Jorge Vega; Bill Heck,The Amazing Spider-Man; Spider-Man 3; Spider-Man 2; Spider-Man; Spider-Man: Homecoming; Spider-Man: Far from Home; Iron Man 3; Ant-Man and the Wasp; The Incredible Hulk; Captain America: Civil War; Ant-Man; Captain America: The First Avenger
The Green Mile,1999,8.6,Crime; Drama; Fantasy,Frank Darabont,Stephen King; Frank Darabont,Tom Hanks; Michael Clarke Duncan; David Morse; Bonnie Hunt; James Cromwell; Michael Jeter; Graham Greene; Doug Hutchison; Sam Rockwell; Barry Pepper; Jeffrey DeMunn; Patricia Clarkson; Harry Dean Stanton; Dabbs Greer; Eve Brent; William Sadler; Mack Miles; Rai Tasco,Saving Private Ryan; Forrest Gump; The Silence of the Lambs; The Shawshank Redemption; Seven; Gladiator; Schindlers List; Fight Club; Leon; The Pianist; American History X; Pulp Fiction
Memento,2000,8.4,Mystery; Thriller,{Christopher Nolan},{Jonathan Nolan; Christopher Nolan},Guy Pearce; Carrie-Anne Moss; Joe Pantoliano; Mark Boone Junior; Russ Fega; Jorja Fox; Stephen Tobolowsky; Harriet Sansom Harris; Thomas Lennon; Callum Keith Rennie; Kimberly Campbell; Marianne Muellerleile; Larry Holden; Stephanie Searson; Buzz Visconti,The Prestige; Seven; The Usual Suspects; Shutter Island; The Departed; Leon; Inception; Fight Club; The Silence of the Lambs; Interstellar; The Dark Knight Rises; Django Unchained
The Usual Suspects,1995,8.5,Crime; Mystery; Thriller,{Bryan Singer},{Christopher McQuarrie},Kevin Spacey; Gabriel Byrne; Chazz Palminteri; Stephen Baldwin; Benicio Del Toro; Kevin Pollak; Pete Postlethwaite; Suzy Amis; Giancarlo Esposito; Dan Hedaya; Paul Bartel; Carl Bressler; Phillipe Simon; Jack Shearer; Christine Estabrook; Clark Gregg; Morgan Hunter; Ken Daly,American History X; Seven; Leon; The Departed; The Silence of the Lambs; Goodfellas; The Prestige; The Green Mile; Saving Private Ryan; One Flew Over the Cuckoos Nest; Fight Club; Memento
Good Will Hunting,1997,8.3,Drama; Romance,{Gus Van Sant},{Matt Damon; Ben Affleck},Robin Williams; Matt Damon; Ben Affleck; Stellan Skarsgård; John Mighton; Rachel Majorowski; Colleen McCauley; Casey Affleck; Cole Hauser; Matt Mercier; Ralph St. George; Rob Lynds; Dan Washington; Alison Folland; Derrick Bridgeman; Vik Sahay; Shannon Egleson; Rob Lyons,A Beautiful Mind; Dead Poets Society; American Beauty; Eternal Sunshine of the Spotless Mind; Braveheart; Catch Me If You Can; The Truman Show; The Departed; Inglourious Basterds; Memento; The Green Mile; Saving Private Ryan
The Wolverine,2013,6.7,Action; Sci-Fi,{James Mangold},{Mark Bomback; Scott Frank},Hugh Jackman; Will Yun Lee; Tao Okamoto; Rila Fukushima; Hiroyuki Sanada; Svetlana Khodchenkova; Brian Tee; Hal Yamanouchi; Ken Yamamura; Famke Janssen; Nobutaka Aoyagi; Seiji Funamoto; Shinji Ikefuji; Qyoko Kudo; Nobuaki Kakuda; Chiharu Mizuno; Takao Kinoshita; Conrad Coleby,X-Men Origins: Wolverine; X-Men: The Last Stand; X-Men 2; X-Men: First Class; X-Men: Days of Future Past; X-Men; X-Men: Apocalypse; Logan; X-Men: Dark Phoenix; Spider-Man 3; The Amazing Spider-Man; The Amazing Spider-Man 2
Death Proof,2007,7.0,Action; Adventure; Thriller,{Quentin Tarantino},{Quentin Tarantino},Kurt Russell; Zoë Bell; Rosario Dawson; Vanessa Ferlito; Sydney Tamiia Poitier; Tracie Thoms; Rose McGowan; Jordan Ladd; Mary Elizabeth Winstead; Quentin Tarantino; Marcy Harriell; Eli Roth; Omar Doom; Michael Bacall; Monica Staggs; Jonathan Loughran; Marta Mendoza; Tim Murphy,Planet Terror; Grindhouse; Jackie Brown; From Dusk Till Dawn; Kill Bill: Vol. 2; The Hateful Eight; Reservoir Dogs; Sin City; Kill Bill: The Whole Bloody Affair; Four Rooms; Kill Bill: Vol. 1; Natural Born Killers
Leon,1994,8.5,Action; Crime; Drama,{Luc Besson},{Luc Besson},Jean Reno; Gary Oldman; Natalie Portman; Danny Aiello; Peter Appel; Willi One Blood; Don Creech; Keith A. Glascoe; Randolph Scott; Michael Badalucco; Ellen Greene; Elizabeth Regen; Carl J. Matusovich; Frank Senger; Lucius Wyatt Cherokee; Eric Challier; Luc Bernard; Maïwenn,American History X; The Green Mile; Seven; The Usual Suspects; The Silence of the Lambs; Fight Club; The Pianist; Pulp Fiction; The Prestige; Saving Private Ryan; Gladiator; One Flew Over the Cuckoos Nest
Kill Bill: Vol. 1,2003,8.1,Action; Crime; Drama,{Quentin Tarantino},{Uma Thurman; Quentin Tarantino},Uma Thurman; David Carradine; Daryl Hannah; Michael Madsen; Lucy Liu; Vivica A. Fox; Julie Dreyfus; Chiaki Kuriyama; Shinichi Chiba; Chia-Hui Liu; Michael Parks; Michael Bowen; Jun Kunimura; Kenji Ohba; Yuki Kazamatsuri; James Parks; Sakichi Sato; Jonathan Loughran,Kill Bill: Vol. 2; Reservoir Dogs; Inglourious Basterds; Pulp Fiction; Django Unchained; The Hateful Eight; Kill Bill: Vol. 3; Kill Bill: The Whole Bloody Affair; Shutter Island; Batman Begins; Scarface; The Truman Show
The Irishman,2019,7.8,Biography; Crime; Drama,{Martin Scorsese},{Steven Zaillian; Charles Brandt},Robert De Niro; Al Pacino; Joe Pesci; Harvey Keitel; Ray Romano; Bobby Cannavale; Anna Paquin; Stephen Graham; Stephanie Kurtzuba; Jack Huston; Kathrine Narducci; Jesse Plemons; Domenick Lombardozzi; Paul Herman; Gary Basaraba; Marin Ireland; Lucy Gallina; Jonathan Morris,Casino; Uncut Gems; Goodfellas; The Godfather Part III; Taxi Driver; Scarface; Marriage Story; The Hateful Eight; Gangs of New York; Dunkirk; Raging Bull; The Wolf of Wall Street
X-Men: First Class,2011,7.7,Action; Adventure; Sci-Fi,{Matthew Vaughn},{Zack Stentz; Ashley Miller; Jane Goldman},James McAvoy; Michael Fassbender; Jennifer Lawrence; Kevin Bacon; Laurence Belcher; Bill Milner; Rose Byrne; Beth Goddard; Morgan Lily; Oliver Platt; Álex González; Jason Flemyng; Zoë Kravitz; January Jones; Nicholas Hoult; Caleb Landry Jones; Edi Gathegi; Corey Johnson,X-Men: Days of Future Past; X-Men; X-Men 2; X-Men: The Last Stand; X-Men: Apocalypse; X-Men Origins: Wolverine; The Wolverine; X-Men: Dark Phoenix; Logan; Spider-Man 3; The Amazing Spider-Man; The Amazing Spider-Man 2
X-Men: Days of Future Past,2014,7.9,Action; Adventure; Sci-Fi,{Bryan Singer},{Matthew Vaughn; Simon Kinberg; Jane Goldman},Patrick Stewart; Ian McKellen; Hugh Jackman; James McAvoy; Michael Fassbender; Jennifer Lawrence; Halle Berry; Nicholas Hoult; Anna Paquin; Elliot Page; Peter Dinklage; Shawn Ashmore; Omar Sy; Evan Peters; Josh Helman; Daniel Cudmore; Bingbing Fan; Adan Canto,X-Men: First Class; X-Men: Apocalypse; X-Men 2; X-Men; X-Men: The Last Stand; The Wolverine; X-Men Origins: Wolverine; X-Men: Dark Phoenix; Logan; Deadpool; Deadpool 2; Captain America: The Winter Soldier
Star Wars: Return of the Jedi,1983,8.3,Action; Adventure; Fantasy,{Richard Marquand},{Lawrence Kasdan; George Lucas},Mark Hamill; Harrison Ford; Carrie Fisher; Billy Dee Williams; Anthony Daniels; Peter Mayhew; Sebastian Shaw; Ian McDiarmid; Frank Oz; James Earl Jones; David Prowse; Alec Guinness; Kenny Baker; Michael Pennington; Kenneth Colley; Michael Carter; Denis Lawson; Tim Rose,Star Wars: Episode V - The Empire Strikes Back; Star Wars: Episode IV - A New Hope; Star Wars: Episode III - Revenge of the Sith; Star Wars: Episode II - Attack of the Clones; Star Wars: Episode I - The Phantom Menace; Star Wars: Episode VII - The Force Awakens; Star Wars: Episode VIII - The Last Jedi; Rogue One; Star Wars: The Rise of Skywalker; Raiders of the Lost Ark; Solo: A Star Wars Story; Indiana Jones and the Last Crusade
Star Wars: Episode I - The Phantom Menace,1999,6.5,Action; Adventure; Fantasy,{George Lucas},{George Lucas},Ewan McGregor; Liam Neeson; Natalie Portman; Jake Lloyd; Ian McDiarmid; Pernilla August; Oliver Ford Davies; Hugh Quarshie; Ahmed Best; Anthony Daniels; Kenny Baker; Frank Oz; Terence Stamp; Brian Blessed; Andy Secombe; Ray Park; Lewis Macleod; Warwick Davis,Star Wars: Episode II - Attack of the Clones; Star Wars: Episode III - Revenge of the Sith; Star Wars: Return of the Jedi; Star Wars: Episode VII - The Force Awakens; Star Wars: Episode IV - A New Hope; Star Wars: Episode VIII - The Last Jedi; Star Wars: Episode V - The Empire Strikes Back; Rogue One; Star Wars: The Rise of Skywalker; Solo: A Star Wars Story; Star Wars: Episode II - Attack of the Clones: Deleted Scenes; Star Wars: The Clone Wars
Star Wars: Episode VII - The Force Awakens,2015,7.8,Action; Adventure; Sci-Fi,{J.J. Abrams},{J.J. Abrams; Lawrence Kasdan; Michael Arndt},Daisy Ridley; John Boyega; Oscar Isaac; Domhnall Gleeson; Harrison Ford; Mark Hamill; Carrie Fisher; Adam Driver; Lupita Nyongo; Andy Serkis; Anthony Daniels; Max von Sydow; Peter Mayhew; Gwendoline Christie; Joonas Suotamo; Pip Andersen; Simon Pegg; Kiran Shah,Star Wars: Episode VIII - The Last Jedi; Star Wars: Episode III - Revenge of the Sith; Star Wars: Episode II - Attack of the Clones; Star Wars: The Rise of Skywalker; Star Wars: Episode I - The Phantom Menace; Rogue One; Star Wars: Return of the Jedi; Star Wars: Episode V - The Empire Strikes Back; Star Wars: Episode IV - A New Hope; Solo: A Star Wars Story; Star Wars: The Clone Wars; Star Wars: Episode III - The Return of Darth Vader
One Flew Over the Cuckoo's Nest,1975,8.7,Drama,{Milos Forman},{Ken Kesey; Bo Goldman; Lawrence Hauben},Jack Nicholson; Louise Fletcher; Michael Berryman; Peter Brocco; Dean R. Brooks; Alonzo Brown; Scatman Crothers; Mwako Cumbuka; Danny DeVito; William Duell; Josip Elic; Lan Fendors; Nathan George; Ken Kenny; Mel Lambert; Sydney Lassick; Kay Lee; Christopher Lloyd,The Silence of the Lambs; Goodfellas; The Good; the Bad and the Ugly; 12 Angry Men; Schindlers List; American History X; The Usual Suspects; The Green Mile; Leon; Seven; Pulp Fiction; City of God
Casino,1995,8.2,Crime; Drama,{Martin Scorsese},{Nicholas Pileggi; Martin Scorsese},Robert De Niro; Sharon Stone; Joe Pesci; James Woods; Don Rickles; Alan King; Kevin Pollak; L.Q. Jones; Dick Smothers; Frank Vincent; John Bloom; Pasquale Cajano; Melissa Prophet; Bill Allison; Vinny Vella; Philip Suriano; Erika von Tagen; Frankie Avalon,Goodfellas; Scarface; Taxi Driver; Heat; Raging Bull; Reservoir Dogs; The Irishman; The Departed; The Godfather: Part II; Full Metal Jacket; There Will Be Blood; L.A. Confidential
Scent of a Woman,1992,8.0,Drama,{Martin Brest},{Giovanni Arpino; Ruggero Maccari; Bo Goldman},Al Pacino; Chris ODonnell; James Rebhorn; Gabrielle Anwar; Philip Seymour Hoffman; Richard Venture; Bradley Whitford; Rochelle Oliver; Margaret Eginton; Tom Riis Farrell; Nicholas Sadler; Todd Louiso; Matt Smith; Gene Canfield; Frances Conroy; June Squibb; Ron Eldard; Sally Murphy,The Devils Advocate; Dog Day Afternoon; Carlitos Way; The Godfather Part III; Donnie Brasco; Insomnia; Serpico; Scent of a Woman; Scarface; The Irishman; Casino; Meet Joe Black
Deadpool,2016,8.0,Action; Adventure; Comedy,{Tim Miller},{Rhett Reese; Paul Wernick},Ryan Reynolds; Morena Baccarin; T.J. Miller; Ed Skrein; Karan Soni; Michael Benyaer; Stefan Kapicic; Brianna Hildebrand; Style Dayne; Kyle Cassie; Taylor Hickson; Ayzee; Naika Toussaint; Randal Reeder; Isaac C. Singleton Jr.; Justyn Shippelt; Donna Yamamoto; Jed Rees,Deadpool 2; Guardians of the Galaxy; Guardians of the Galaxy: Vol. 2; Venom; Avengers Assemble; Doctor Strange; Black Panther; Ant-Man; Thor: Ragnarok; Logan; Iron Man; Captain America: Civil War
Back to the Future,1985,8.5,Adventure; Comedy; Sci-Fi,{Robert Zemeckis},{Bob Gale; Robert Zemeckis},Michael J. Fox; Christopher Lloyd; Lea Thompson; Crispin Glover; Thomas F. Wilson; Claudia Wells; Marc McClure; Wendie Jo Sperber; George DiCenzo; Frances Lee McCain; James Tolkan; J.J. Cohen; Casey Siemaszko; Billy Zane; Harry Waters Jr.; Donald Fullilove; Lisa Freeman; Cristen Kauffman,Back to the Future Part II; Terminator 2: Judgment Day; Star Wars: Episode IV - A New Hope; Back to the Future Part III; Star Wars: Episode V - The Empire Strikes Back; Forrest Gump; Gladiator; Saving Private Ryan; The Green Mile; The Lord of the Rings: The Two Towers; The Lord of the Rings: The Return of the King; The Silence of the Lambs
The Pianist,2002,8.5,Biography; Drama; Music,{Roman Polanski},{Ronald Harwood; Wladyslaw Szpilman},Adrien Brody; Thomas Kretschmann; Frank Finlay; Emilia Fox; Michal Zebrowski; Ed Stoppard; Maureen Lipman; Jessica Kate Meyer; Julia Rayner; Wanja Mues; Richard Ridings; Nomi Sharron; Anthony Milner; Lucy Skeaping; Roddy Skeaping; Ben Harlan; Thomas Lawinky; Joachim Paul Assböck,Schindlers List; The Green Mile; Life Is Beautiful; Leon; Saving Private Ryan; The Prestige; American History X; The Silence of the Lambs; Gladiator; Seven; Forrest Gump; Untouchable
Star Wars: Episode VIII - The Last Jedi,2017,7.0,Action; Adventure; Fantasy,{Rian Johnson},{Rian Johnson; George Lucas},Daisy Ridley; John Boyega; Mark Hamill; Carrie Fisher; Adam Driver; Oscar Isaac; Andy Serkis; Lupita Nyongo; Domhnall Gleeson; Anthony Daniels; Gwendoline Christie; Kelly Marie Tran; Laura Dern; Benicio Del Toro; Frank Oz; Billie Lourd; Joonas Suotamo; Amanda Lawrence,Star Wars: Episode VII - The Force Awakens; Star Wars: The Rise of Skywalker; Star Wars: Episode III - Revenge of the Sith; Star Wars: Episode II - Attack of the Clones; Rogue One; Star Wars: Episode I - The Phantom Menace; Star Wars: Return of the Jedi; Solo: A Star Wars Story; Star Wars: Episode V - The Empire Strikes Back; Star Wars: Episode IV - A New Hope; Star Wars: Episode II - Attack of the Clones: Deleted Scenes; Star Wars: Episode III - The Return of Darth Vader
Star Wars: Episode III - Revenge of the Sith,2005,7.5,Action; Adventure; Fantasy,{George Lucas},{George Lucas},Hayden Christensen; Natalie Portman; Ewan McGregor; Samuel L. Jackson; Ian McDiarmid; Jimmy Smits; Frank Oz; Anthony Daniels; Christopher Lee; Keisha Castle-Hughes; Silas Carson; Jay Lagaaia; Bruce Spence; Wayne Pygram; Temuera Morrison; David Bowers; Oliver Ford Davies; Ahmed Best,Star Wars: Episode II - Attack of the Clones; Star Wars: Episode I - The Phantom Menace; Star Wars: Return of the Jedi; Star Wars: Episode VII - The Force Awakens; Star Wars: Episode V - The Empire Strikes Back; Star Wars: Episode IV - A New Hope; Star Wars: Episode VIII - The Last Jedi; Rogue One; Star Wars: The Rise of Skywalker; Solo: A Star Wars Story; Star Wars: Episode II - Attack of the Clones: Deleted Scenes; Star Wars: The Clone Wars
Terminator 2: Judgment Day,1991,8.5,Action; Sci-Fi,{James Cameron},{James Cameron; William Wisher},Arnold Schwarzenegger; Linda Hamilton; Edward Furlong; Robert Patrick; Earl Boen; Joe Morton; S. Epatha Merkerson; Castulo Guerra; Danny Cooksey; Jenette Goldstein; Xander Berkeley; Leslie Hamilton Gearren; Ken Gibbel; Robert Winley; Peter Schrum; Shane Wilder; Michael Edwards; Jared Lounsbery,The Terminator; Back to the Future; Star Wars: Episode V - The Empire Strikes Back; Star Wars: Episode IV - A New Hope; Gladiator; Saving Private Ryan; The Lord of the Rings: The Two Towers; The Lord of the Rings: The Return of the King; The Lord of the Rings: The Fellowship of the Ring; The Silence of the Lambs; American History X; Alien
The Revenant,2015,8.0,Action; Adventure; Drama,{Alejandro G. Iñárritu},{Mark L. Smith; Michael Punke; Alejandro G. Iñárritu},Leonardo DiCaprio; Tom Hardy; Will Poulter; Domhnall Gleeson; Forrest Goodluck; Paul Anderson; Kristoffer Joner; Joshua Burge; Duane Howard; Melaw Nakehko; Fabrice Adde; Arthur RedCloud; Christopher Rosamond; Robert Moloney; Lukas Haas; Brendan Fletcher; Tyson Wood; McCaleb Burnett,Dunkirk; The Martian; Gravity; The Hateful Eight; The Imitation Game; Birdman or (The Unexpected Virtue of Ignorance); The Wolf of Wall Street; Django Unchained; Shutter Island; Limbo; Arrival; Inception
X-Men,2000,7.4,Action; Adventure; Sci-Fi,{Bryan Singer},{Tom DeSanto; Bryan Singer; David Hayter},Patrick Stewart; Hugh Jackman; Ian McKellen; Famke Janssen; James Marsden; Halle Berry; Anna Paquin; Tyler Mane; Ray Park; Rebecca Romijn; Bruce Davison; Matthew Sharp; Brett Morris; Rhona Shekter; Kenneth McGregor; Shawn Roberts; Donna Goodhand; John Nelles,X-Men 2; X-Men: The Last Stand; X-Men: First Class; X-Men Origins: Wolverine; X-Men: Days of Future Past; X-Men: Apocalypse; The Wolverine; X-Men: Dark Phoenix; Logan; Spider-Man 3; The Amazing Spider-Man; The Amazing Spider-Man 2
A Beautiful Mind,2001,8.2,Biography; Drama,{Ron Howard},{Akiva Goldsman; Sylvia Nasar},Russell Crowe; Ed Harris; Jennifer Connelly; Christopher Plummer; Paul Bettany; Adam Goldberg; Josh Lucas; Anthony Rapp; Jason Gray-Stanford; Judd Hirsch; Austin Pendleton; Vivien Cardone; Jillie Simon; Victor Steinbach; Tanya Clarke; Thomas F. Walsh; Jesse Doran; Kent Cassella,Good Will Hunting; Catch Me If You Can; The Truman Show; Gladiator; American Beauty; V for Vendetta; Eternal Sunshine of the Spotless Mind; Braveheart; The Green Mile; Shutter Island; The Sixth Sense; Memento
"The Good, the Bad and the Ugly",1966,8.8,Western,{Sergio Leone},{Sergio Leone; Agenore Incrocci; Luciano Vincenzoni},Clint Eastwood; Eli Wallach; Lee Van Cleef; Aldo Giuffrè; Luigi Pistilli; Rada Rassimov; Enzo Petito; Claudio Scarchilli; John Bartha; Livio Lorenzon; Antonio Casale; Sandro Scarchilli; Benito Stefanelli; Angelo Novi; Antonio Casas; Aldo Sambrell; Al Mulock; Sergio Mendizábal,For a Few Dollars More; 12 Angry Men; One Flew Over the Cuckoos Nest; The Godfather: Part II; Pulp Fiction; The Godfather; Schindlers List; Goodfellas; The Lord of the Rings: The Return of the King; Star Wars: Episode V - The Empire Strikes Back; The Silence of the Lambs; Once Upon a Time in the West
Scarface,1983,8.3,Crime; Drama,{Brian De Palma},{Howard Hawks; Ben Hecht; Oliver Stone},Al Pacino; Michelle Pfeiffer; Steven Bauer; Mary Elizabeth Mastrantonio; Robert Loggia; Miriam Colon; F. Murray Abraham; Paul Shenar; Harris Yulin; Ángel Salazar; Arnaldo Santana; Pepe Serna; Michael P. Moran; Al Israel; Dennis Holahan; Mark Margolis; Michael Alldredge; Ted Beniades,Taxi Driver; Goodfellas; Casino; Reservoir Dogs; The Godfather: Part II; The Godfather; Inglourious Basterds; Heat; Scarface; Full Metal Jacket; The Departed; Django Unchained
Black Widow,2021,6.8,Action; Adventure; Sci-Fi,{Cate Shortland},{Ned Benson; Eric Pearson; Jac Schaeffer},Scarlett Johansson; Florence Pugh; David Harbour; Rachel Weisz; Ray Winstone; Ever Anderson; Violet McGraw; O-T Fagbenle; William Hurt; Olga Kurylenko; Ryan Kiera Armstrong; Liani Samuel; Michelle Lee; Lewis Young; C.C. Smiff; Nanna Blondell; Simona Zivkovska; Erin Jameson,Loki; The Falcon and the Winter Soldier; WandaVision; The Suicide Squad; Jungle Cruise; Avengers: Endgame; Fast & Furious 9; The Tomorrow War; Spider-Man: Far from Home; Spider-Man; Avengers: Infinity War; Cruella
Mad Max: Fury Road,2015,8.1,Action; Adventure; Sci-Fi,{George Miller},{George Miller; Nick Lathouris; Brendan McCarthy},Tom Hardy; Charlize Theron; Nicholas Hoult; Zoë Kravitz; Hugh Keays-Byrne; Josh Helman; Nathan Jones; Rosie Huntington-Whiteley; Riley Keough; Abbey Lee; Courtney Eaton; John Howard; Richard Carter; Iota; Angus Sampson; Jennifer Hagan; Megan Gale; Melissa Jaffer,Logan; The Dark Knight Rises; Batman Begins; Mad Max; V for Vendetta; Kill Bill: Vol. 1; Shutter Island; Mad Max 2; Inglourious Basterds; Mad Max Beyond Thunderdome; Gladiator; Jurassic Park
The Truman Show,1998,8.1,Comedy; Drama,{Peter Weir},{Andrew Niccol},Jim Carrey; Ed Harris; Laura Linney; Noah Emmerich; Natascha McElhone; Holland Taylor; Brian Delate; Blair Slater; Peter Krause; Heidi Schanz; Ron Taylor; Don Taylor; Ted Raymond; Judy Clayton; Fritz Dominique; Angel Schmiedt; Nastassja Schmiedt; Muriel Moore,Eternal Sunshine of the Spotless Mind; Catch Me If You Can; A Beautiful Mind; V for Vendetta; Good Will Hunting; Shutter Island; The Sixth Sense; American Beauty; Inglourious Basterds; Kill Bill: Vol. 1; The Green Mile; Django Unchained
Taxi Driver,1976,8.2,Crime; Drama,{Martin Scorsese},{Paul Schrader},Robert De Niro; Jodie Foster; Cybill Shepherd; Albert Brooks; Diahnne Abbott; Frank Adu; Victor Argo; Gino Ardito; Garth Avery; Peter Boyle; Harry Cohn; Copper Cunningham; Brenda Dickson; Harry Fischler; Nat Grant; Leonard Harris; Richard Higgs; Beau Kayser,Scarface; Reservoir Dogs; Goodfellas; A Clockwork Orange; Casino; The Shining; Raging Bull; No Country for Old Men; Inglourious Basterds; Full Metal Jacket; The Departed; The Silence of the Lambs
Star Wars: Episode II - Attack of the Clones,2002,6.5,Action; Adventure; Fantasy,{George Lucas},{Jonathan Hales; George Lucas},Hayden Christensen; Natalie Portman; Ewan McGregor; Christopher Lee; Samuel L. Jackson; Frank Oz; Ian McDiarmid; Pernilla August; Temuera Morrison; Jimmy Smits; Jack Thompson; Leeanna Walsman; Ahmed Best; Rose Byrne; Oliver Ford Davies; Ronald Falk; Jay Lagaaia; Andy Secombe,Star Wars: Episode I - The Phantom Menace; Star Wars: Episode III - Revenge of the Sith; Star Wars: Return of the Jedi; Star Wars: Episode VII - The Force Awakens; Star Wars: Episode VIII - The Last Jedi; Star Wars: Episode IV - A New Hope; Star Wars: Episode V - The Empire Strikes Back; Rogue One; Star Wars: The Rise of Skywalker; Solo: A Star Wars Story; Star Wars: Episode II - Attack of the Clones: Deleted Scenes; Star Wars: The Clone Wars
Birds of Prey,2020,6.1,Action; Adventure; Comedy,{Cathy Yan},{Christina Hodson; Paul Dini; Bruce Timm},Margot Robbie; Rosie Perez; Mary Elizabeth Winstead; Jurnee Smollett; Ewan McGregor; Ella Jay Basco; Chris Messina; Ali Wong; David Ury; Sara Montez; Izabel Pakzad; Daniel Bernhardt; Kc Strubbe; Jacky Shu; Paloma Rabinov; Derek Wilson; Joe Bucaro III; James Henry Williams Jr.,Suicide Squad; Shazam!; The Suicide Squad; Aquaman; Wonder Woman; Zack Snyders Justice League; Justice League; Batman v Superman: Dawn of Justice; Wonder Woman 1984; Spider-Man: Far from Home; Venom; Man of Steel
X-Men Origins: Wolverine,2009,6.6,Action; Sci-Fi,{Gavin Hood},{Skip Woods; David Benioff},Hugh Jackman; Liev Schreiber; Ryan Reynolds; Danny Huston; Will.i.am; Lynn Collins; Kevin Durand; Dominic Monaghan; Taylor Kitsch; Daniel Henney; Tim Pocock; Julia Blake; Max Cullen; Troye Sivan; Michael-James Olsen; Peter OBrien; Aaron Jeffery; Alice Parkinson,X-Men: The Last Stand; The Wolverine; X-Men 2; X-Men; X-Men: First Class; X-Men: Days of Future Past; X-Men: Apocalypse; X-Men: Dark Phoenix; Logan; Spider-Man 3; The Amazing Spider-Man; The Amazing Spider-Man 2
The Incredible Hulk,2008,6.6,Action; Adventure; Sci-Fi,{Louis Leterrier},{Stan Lee; Jack Kirby; Zak Penn},Edward Norton; Liv Tyler; Tim Roth; William Hurt; Tim Blake Nelson; Ty Burrell; Christina Cabot; Peter Mensah; Lou Ferrigno; Paul Soles; Débora Nascimento; Greg Bryk; Chris Owens; Al Vrkljan; Adrian Hein; John MacDonald; Shaun McComb; Simon Wong,Iron Man 2; Thor; Iron Man; Captain America: The First Avenger; Thor: The Dark World; Iron Man 3; Hulk; Avengers Assemble; Captain America: The Winter Soldier; Ant-Man; Captain Marvel; Avengers: Age of Ultron
Untouchable,2011,8.5,Biography; Comedy; Drama,{Éric Toledano; Olivier Nakache},{Éric Toledano; Olivier Nakache; Philippe Pozzo di Borgo},François Cluzet; Omar Sy; Anne Le Ny; Audrey Fleurot; Joséphine de Meaux; Clotilde Mollet; Alba Gaïa Bellugi; Cyril Mendy; Salimata Kamate; Absa Diatou Toure; Grégoire Oestermann; Dominique Daguier; François Caron; Christian Ameri; Thomas Solivérès; Dorothée Brière; Marie-Laure Descoureaux; Émilie Caen,Life Is Beautiful; Whiplash; The Green Mile; Leon; Gladiator; The Prestige; The Pianist; American History X; Forrest Gump; Seven; Schindlers List; The Departed
Full Metal Jacket,1987,8.3,Drama; War,{Stanley Kubrick},{Gustav Hasford; Stanley Kubrick; Michael Herr},Matthew Modine; R. Lee Ermey; Vincent DOnofrio; Adam Baldwin; Dorian Harewood; Kevyn Major Howard; Arliss Howard; Ed ORoss; John Terry; Kieron Jecchinis; Kirk Taylor; Tim Colceri; Jon Stafford; Bruce Boa; Ian Tyler; Sal Lopez; Gary Landon Mills; Papillon Soo,A Clockwork Orange; 2001: A Space Odyssey; The Shining; Apocalypse Now; Reservoir Dogs; Taxi Driver; Dr. Strangelove or: How I Learned to Stop Worrying and Love the Bomb; Scarface; Platoon; Barry Lyndon; Paths of Glory; Eyes Wide Shut
Kill Bill: Vol. 2,2004,8.0,Action; Crime; Thriller,{Quentin Tarantino},{Uma Thurman; Quentin Tarantino},Uma Thurman; David Carradine; Michael Madsen; Daryl Hannah; Vivica A. Fox; Ambrosia Kelley; Michael Parks; James Parks; Jonathan Loughran; Michael Bowen; Kenji Ohba; Yoshiyuki Morishita; Jun Kunimura; Goro Daimon; Kazuki Kitamura; Akaji Maro; Shun Sugata; The 5.6.7.8s,Kill Bill: Vol. 1; The Hateful Eight; Reservoir Dogs; Kill Bill: The Whole Bloody Affair; Inglourious Basterds; Jackie Brown; Kill Bill: Vol. 3; Death Proof; Pulp Fiction; Django Unchained; Sin City; From Dusk Till Dawn
X-Men: Apocalypse,2016,6.9,Action; Adventure; Sci-Fi,{Bryan Singer},{Bryan Singer; Michael Dougherty; Simon Kinberg},James McAvoy; Michael Fassbender; Jennifer Lawrence; Nicholas Hoult; Oscar Isaac; Rose Byrne; Evan Peters; Josh Helman; Sophie Turner; Tye Sheridan; Lucas Till; Kodi Smit-McPhee; Ben Hardy; Alexandra Shipp; Lana Condor; Olivia Munn; Warren Scherer; Rochelle Okoye,X-Men: Days of Future Past; X-Men: First Class; X-Men: The Last Stand; X-Men 2; X-Men; X-Men Origins: Wolverine; The Wolverine; X-Men: Dark Phoenix; Logan; Deadpool 2; Spider-Man 3; The Amazing Spider-Man 2
Jackie Brown,1997,7.5,Crime; Drama; Thriller,{Quentin Tarantino},{Quentin Tarantino; Elmore Leonard},Pam Grier; Samuel L. Jackson; Robert Forster; Bridget Fonda; Michael Keaton; Robert De Niro; Michael Bowen; Chris Tucker; LisaGay Hamilton; Tom Lister Jr.; Hattie Winston; Sid Haig; Aimee Graham; Ellis Williams; Tangie Ambrose; TKeyah Crystal Keymáh; Venessia Valentino; Diana Uribe,Death Proof; Kill Bill: Vol. 2; The Hateful Eight; Reservoir Dogs; Kill Bill: Vol. 1; From Dusk Till Dawn; Four Rooms; Grindhouse; Kill Bill: The Whole Bloody Affair; Sin City; Inglourious Basterds; Django Unchained
Braveheart,1995,8.3,Biography; Drama; History,{Mel Gibson},{Randall Wallace},Mel Gibson; Sophie Marceau; Patrick McGoohan; Angus Macfadyen; James Robinson; Sean Lawlor; Sandy Nelson; James Cosmo; Sean McGinley; Alan Tall; Andrew Weir; Gerda Stevenson; Ralph Riach; Mhairi Calvey; Brian Cox; Peter Hanly; Stephen Billington; Barry McGovern,Gladiator; Good Will Hunting; Saving Private Ryan; The Green Mile; Brave Heart; A Beautiful Mind; American Beauty; American History X; The Silence of the Lambs; Inglourious Basterds; Schindlers List; Leon
American History X,1998,8.5,Drama,{Tony Kaye},{David McKenna},Edward Norton; Edward Furlong; Beverly DAngelo; Jennifer Lien; Ethan Suplee; Fairuza Balk; Avery Brooks; Elliott Gould; Stacy Keach; William Russ; Guy Torry; Joe Cortese; Jason Bose Smith; Antonio David Lyons; Alex Sol; Keram Malicki-Sánchez; Giuseppe Andrews; Michelle Christine White,The Usual Suspects; Leon; The Green Mile; The Silence of the Lambs; The Departed; Saving Private Ryan; Gladiator; Seven; Fight Club; One Flew Over the Cuckoos Nest; Goodfellas; Schindlers List
The Tomorrow War,2021,6.6,Action; Adventure; Drama,{Chris McKay},{Zach Dean},Chris Pratt; Yvonne Strahovski; J.K. Simmons; Betty Gilpin; Sam Richardson; Jasmine Mathews; Edwin Hodge; Ryan Kiera Armstrong; Keith Powers; Mary Lynn Rajskub; Mike Mitchell; Jared Shaw; Alexis Louder; Rose Bianco; Seychelle Gabriel; Alan Trong; Chibuikem Uche; David Maldonado,Black Widow; A Quiet Place Part II; Wrath of Man; The Hitmans Wifes Bodyguard; Loki; Jungle Cruise; Spider-Man: Far from Home; The Suicide Squad; Suicide Squad; No Sudden Move; Nobody; Wonder Woman 1984
Wonder Woman 1984,2020,5.4,Action; Adventure; Fantasy,{Patty Jenkins},{Dave Callaham; Patty Jenkins; Geoff Johns},Gal Gadot; Chris Pine; Kristen Wiig; Pedro Pascal; Robin Wright; Connie Nielsen; Lilly Aspell; Amr Waked; Kristoffer Polaha; Natasha Rothwell; Ravi Patel; Oliver Cotton; Lucian Perez; Gabriella Wilde; Kelvin Yu; Stuart Milligan; Shane Attwooll; David Al-Fahmi,Wonder Woman; Suicide Squad; Spider-Man: Far from Home; Zack Snyders Justice League; Aquaman; Justice League; Black Widow; Shazam!; Birds of Prey; Fast & Furious 9; Batman v Superman: Dawn of Justice; Spider-Man 2
The Suicide Squad,2021,7.4,Action; Adventure; Comedy,{James Gunn},{James Gunn},Margot Robbie; Idris Elba; John Cena; Joel Kinnaman; Michael Rooker; Viola Davis; John Ostrander; Nathan Fillion; Jai Courtney; Flula Borg; Mayling Ng; Pete Davidson; Sean Gunn; Stephen Blackehart; Steve Agee; Tinashe Kajese; Jennifer Holland; Fernando Martinez,Suicide Squad; Black Widow; Loki; Jungle Cruise; Free Guy; Spider-Man; Spider-Man: Far from Home; Once Upon a Time... In Hollywood; Cruella; Birds of Prey; A Quiet Place Part II; Fast & Furious 9
